event_id,user_id,product_id,event_type,event_timestamp
E00000001,U009798,P001393,cart,2025-07-08T14:28:55.893919
E00000002,U005881,P000669,view,2025-10-19T23:00:44.067982
E00000003,U006348,P001404,view,2025-05-09T07:02:42.256662
E00000004,U002664,P000400,cart,2025-07-19T22:47:07.019634
E00000005,U005776,P000392,view,2024-10-24T10:20:33.602165
E00000006,U002711,P001643,view,2024-12-20T11:02:39.321604
E00000007,U003726,P000370,view,2024-06-06T05:16:39.778558
E00000008,U002658,P001221,view,2025-03-31T05:39:53.288602
E00000009,U001433,P000240,view,2024-10-17T08:29:00.460950
E00000010,U000431,P000652,view,2024-10-27T10:56:00.683131
E00000011,U006564,P000964,cart,2024-05-14T20:16:16.449778
E00000012,U001624,P000804,view,2024-09-24T04:48:55.344093
E00000013,U002760,P001325,view,2025-05-04T01:27:16.661242
E00000014,U007024,P000853,view,2024-02-03T18:43:05.454853
E00000015,U000620,P001876,view,2025-06-01T01:40:59.999766
E00000016,U003054,P001897,cart,2025-01-22T17:59:08.816164
E00000017,U000590,P001507,wishlist,2024-03-15T06:29:00.451806
E00000018,U006085,P001032,view,2025-01-31T00:53:09.718151
E00000019,U005322,P000803,view,2024-05-09T20:32:43.072567
E00000020,U007213,P001329,cart,2025-07-24T08:26:06.576069
E00000021,U009137,P000673,purchase,2025-05-22T00:17:41.987947
E00000022,U009646,P001197,view,2025-08-02T17:28:42.107093
E00000023,U007699,P001054,view,2025-04-17T09:36:04.931291
E00000024,U008388,P000667,view,2024-09-22T20:54:36.528588
E00000025,U005488,P001097,view,2024-03-10T05:16:12.792999
E00000026,U005803,P001200,view,2024-10-14T05:28:27.858498
E00000027,U008527,P000731,wishlist,2025-03-01T17:13:23.848738
E00000028,U008911,P000529,cart,2025-05-24T09:48:47.400749
E00000029,U001502,P000889,view,2024-06-22T05:30:47.306733
E00000030,U008635,P001982,view,2025-04-03T04:04:27.211958
E00000031,U000389,P001458,view,2024-06-14T23:30:49.480372
E00000032,U008382,P001933,view,2025-07-13T10:20:37.880388
E00000033,U001394,P001336,view,2025-08-02T04:18:00.352375
E00000034,U007513,P001432,cart,2024-10-10T04:11:08.823875
E00000035,U001778,P000985,cart,2025-02-20T18:28:28.874559
E00000036,U005831,P000743,cart,2025-07-26T15:35:07.277598
E00000037,U004789,P001011,view,2024-03-04T22:23:41.570438
E00000038,U004574,P001618,view,2025-11-05T00:27:44.713445
E00000039,U000333,P001285,view,2025-06-21T04:05:09.426429
E00000040,U008299,P000302,view,2025-01-10T01:31:41.677331
E00000041,U008366,P000492,cart,2024-03-22T08:26:19.070749
E00000042,U004131,P001885,view,2025-07-25T03:39:50.526733
E00000043,U009747,P001986,wishlist,2024-07-15T12:35:28.562509
E00000044,U002941,P001089,view,2025-01-25T07:46:54.345458
E00000045,U002127,P000793,view,2024-04-13T06:18:25.760957
E00000046,U005122,P001520,purchase,2024-08-02T01:12:04.696148
E00000047,U002801,P000595,view,2025-04-27T21:44:27.165399
E00000048,U008317,P001919,view,2025-09-06T09:55:36.674212
E00000049,U002296,P000690,view,2025-04-17T05:55:32.923652
E00000050,U003567,P000774,view,2025-11-14T22:53:22.000010
E00000051,U008098,P000750,view,2024-08-03T10:07:58.197442
E00000052,U006126,P000886,wishlist,2024-06-23T12:19:32.814740
E00000053,U005702,P000004,view,2025-02-25T08:06:37.755948
E00000054,U008851,P000519,view,2024-07-30T19:44:33.012398
E00000055,U001270,P000934,view,2025-01-03T03:38:45.237025
E00000056,U009943,P001183,view,2024-08-27T14:27:22.050736
E00000057,U008468,P000400,view,2024-05-08T12:18:06.303721
E00000058,U002673,P001697,cart,2025-05-12T07:58:25.987568
E00000059,U007078,P000646,view,2024-01-06T00:09:38.422986
E00000060,U005462,P000488,view,2025-01-11T20:53:22.613910
E00000061,U005820,P000313,view,2025-06-21T22:46:52.737405
E00000062,U006466,P000640,view,2025-06-17T12:18:18.167528
E00000063,U002489,P001387,view,2024-09-13T11:11:13.945129
E00000064,U003579,P001598,view,2024-03-19T11:01:32.751806
E00000065,U002592,P001853,view,2025-05-28T07:08:49.301855
E00000066,U000837,P001271,purchase,2024-03-16T11:14:40.620338
E00000067,U003275,P001425,cart,2025-09-17T16:58:49.807736
E00000068,U000764,P001738,cart,2025-04-24T19:54:49.878303
E00000069,U000942,P000725,wishlist,2024-09-12T22:25:19.005441
E00000070,U004411,P001869,view,2024-01-13T01:13:38.649017
E00000071,U009913,P001348,view,2024-09-10T17:59:41.414318
E00000072,U005873,P000296,view,2025-06-08T02:45:48.871978
E00000073,U003203,P001552,view,2025-06-22T21:08:17.058414
E00000074,U000526,P000530,view,2025-02-18T12:11:30.081696
E00000075,U001536,P000853,view,2024-10-09T16:40:41.790862
E00000076,U001422,P001083,view,2025-05-16T06:37:01.252729
E00000077,U004957,P001313,view,2024-02-20T00:58:37.351559
E00000078,U009261,P001645,view,2025-06-15T02:46:34.699183
E00000079,U002015,P001719,view,2025-10-10T04:35:13.991158
E00000080,U006397,P001524,view,2025-06-24T08:09:20.183401
E00000081,U003446,P001248,wishlist,2025-03-30T05:25:37.972323
E00000082,U006559,P000898,view,2024-05-23T04:36:58.313709
E00000083,U006134,P000207,view,2025-03-19T06:55:58.043197
E00000084,U008263,P000300,view,2024-09-30T14:23:50.276094
E00000085,U007210,P000402,view,2024-02-12T04:48:48.465765
E00000086,U007771,P000438,view,2025-03-01T08:46:36.606092
E00000087,U003336,P000228,view,2024-06-11T01:41:45.719542
E00000088,U004588,P000369,view,2025-01-03T07:08:49.957134
E00000089,U003663,P001832,cart,2024-03-19T01:49:29.418421
E00000090,U005069,P001761,cart,2024-07-11T00:00:09.443399
E00000091,U003881,P001988,cart,2025-04-15T06:00:31.970150
E00000092,U009594,P000970,view,2024-08-20T02:35:17.187278
E00000093,U001468,P000626,view,2025-06-11T23:44:50.380776
E00000094,U002509,P001875,cart,2024-01-05T02:17:32.746231
E00000095,U004060,P001756,view,2025-04-02T04:30:09.636240
E00000096,U004272,P000243,view,2025-02-26T16:42:26.025413
E00000097,U001441,P001157,view,2025-01-25T08:13:04.386329
E00000098,U007275,P001544,view,2024-07-26T21:33:46.274100
E00000099,U004803,P000686,view,2025-08-05T10:22:14.719167
E00000100,U006186,P000712,view,2025-06-24T07:16:58.180756
E00000101,U003609,P000098,view,2024-10-12T13:33:54.703960
E00000102,U002547,P000492,wishlist,2025-10-18T04:45:06.860545
E00000103,U004639,P001677,wishlist,2024-08-22T18:23:14.051089
E00000104,U000503,P000846,purchase,2024-04-17T12:03:16.607590
E00000105,U006233,P000101,view,2024-07-08T01:05:01.897360
E00000106,U005536,P001127,wishlist,2025-11-01T23:54:36.058827
E00000107,U007016,P000815,view,2025-10-21T06:49:58.346405
E00000108,U009427,P001988,view,2024-06-16T18:30:41.253830
E00000109,U005767,P001193,view,2024-09-12T17:44:34.247794
E00000110,U006449,P001303,view,2024-05-12T14:33:39.555578
E00000111,U009842,P001310,view,2024-05-18T06:30:29.628227
E00000112,U007120,P000659,purchase,2024-10-28T08:44:16.234695
E00000113,U001251,P001809,view,2024-10-17T15:17:08.735314
E00000114,U002977,P001219,view,2025-08-18T22:06:31.487635
E00000115,U001062,P000663,view,2024-04-02T19:14:39.369405
E00000116,U009631,P000239,view,2025-09-11T20:36:22.937275
E00000117,U005683,P001655,view,2024-06-04T01:35:07.619475
E00000118,U003954,P000709,cart,2025-06-28T04:25:55.253738
E00000119,U000343,P001812,view,2025-05-04T13:38:46.300354
E00000120,U008417,P000813,cart,2025-04-19T17:40:03.094165
E00000121,U007076,P000594,view,2025-05-29T23:50:42.906891
E00000122,U009151,P001876,view,2025-04-07T12:50:33.286200
E00000123,U005208,P000306,view,2025-08-17T03:15:53.423241
E00000124,U004011,P001023,view,2024-06-05T06:21:26.432561
E00000125,U001947,P000096,view,2025-05-27T13:21:21.851887
E00000126,U005621,P000008,view,2024-03-19T02:16:32.903302
E00000127,U000878,P000129,view,2024-05-07T00:49:13.935949
E00000128,U007828,P000146,cart,2025-10-06T14:21:15.285931
E00000129,U005290,P000095,view,2024-05-10T05:47:27.613919
E00000130,U003335,P000165,purchase,2025-03-20T01:21:37.464451
E00000131,U006217,P000822,view,2025-02-05T06:01:36.359462
E00000132,U005529,P000881,view,2025-03-02T09:15:53.317884
E00000133,U001404,P001028,view,2024-09-04T15:56:00.921891
E00000134,U009601,P000548,view,2025-10-24T10:16:24.679873
E00000135,U006837,P000342,cart,2024-11-09T09:59:20.620347
E00000136,U004123,P000450,wishlist,2025-06-27T04:59:16.181781
E00000137,U001612,P001092,view,2024-06-23T20:43:04.176453
E00000138,U002824,P000681,wishlist,2025-01-03T20:50:07.772862
E00000139,U001164,P000607,view,2025-05-28T21:53:17.198938
E00000140,U007274,P001707,purchase,2025-06-24T17:00:16.070760
E00000141,U009503,P000828,view,2024-06-04T21:53:26.171057
E00000142,U005907,P001755,cart,2025-04-17T01:58:20.433368
E00000143,U000068,P001554,wishlist,2025-07-23T22:01:12.598475
E00000144,U008703,P001842,view,2024-01-24T15:43:06.409103
E00000145,U002358,P000741,view,2025-02-19T13:59:36.175874
E00000146,U000540,P000644,view,2025-07-08T08:10:46.188807
E00000147,U007219,P000355,view,2024-05-07T14:33:18.969222
E00000148,U005704,P000186,view,2024-06-02T09:10:14.698188
E00000149,U006213,P000002,view,2025-02-28T22:42:33.729104
E00000150,U009361,P000733,view,2025-08-05T04:10:13.974204
E00000151,U005411,P001996,cart,2024-07-23T09:13:08.006150
E00000152,U008571,P000559,view,2025-02-21T15:02:43.875275
E00000153,U008468,P001433,cart,2025-10-06T18:18:16.702180
E00000154,U001006,P001040,view,2025-06-28T22:48:06.809722
E00000155,U006222,P000555,view,2024-10-13T10:43:25.172530
E00000156,U009751,P001033,view,2025-03-17T16:04:13.752846
E00000157,U003014,P000641,view,2024-02-13T13:16:03.614781
E00000158,U009419,P000184,view,2025-09-09T00:09:27.163243
E00000159,U001365,P000101,view,2025-06-02T18:50:05.103002
E00000160,U006908,P001330,view,2024-05-15T19:44:17.907760
E00000161,U000950,P000745,wishlist,2024-01-26T19:54:51.074586
E00000162,U001546,P001860,view,2024-04-08T19:58:42.485543
E00000163,U000541,P001757,purchase,2025-04-10T10:06:50.751385
E00000164,U004360,P001181,cart,2024-01-13T12:13:38.717129
E00000165,U003042,P001007,cart,2025-10-16T14:21:43.864027
E00000166,U005714,P000844,view,2024-01-26T19:51:22.555778
E00000167,U001689,P001109,wishlist,2025-08-03T13:11:11.942716
E00000168,U004663,P000099,cart,2025-08-06T00:22:32.766328
E00000169,U001895,P001218,cart,2024-11-19T16:08:36.448049
E00000170,U008851,P001076,purchase,2024-07-28T19:36:47.085294
E00000171,U003712,P001389,view,2024-11-13T12:28:36.343785
E00000172,U005226,P000170,view,2025-04-02T21:55:33.529172
E00000173,U003647,P000668,view,2024-03-02T11:20:20.488581
E00000174,U002487,P001379,view,2025-05-21T14:40:07.950892
E00000175,U000345,P001860,view,2024-07-04T04:13:21.680739
E00000176,U004549,P000320,view,2025-08-24T15:09:36.054535
E00000177,U006309,P001969,view,2024-08-18T12:36:47.239441
E00000178,U008943,P001778,view,2024-09-11T21:04:13.748744
E00000179,U001439,P000590,wishlist,2024-12-04T08:15:03.636082
E00000180,U009853,P001334,cart,2024-11-30T22:54:21.785422
E00000181,U008360,P001250,view,2024-08-11T20:12:10.696659
E00000182,U009044,P000829,view,2025-04-18T19:53:44.592514
E00000183,U004915,P001508,view,2025-06-02T22:21:28.779188
E00000184,U001364,P001477,view,2025-06-26T19:26:09.602625
E00000185,U002665,P001581,cart,2025-03-26T08:10:44.883330
E00000186,U004691,P001647,cart,2025-04-02T09:10:49.854062
E00000187,U002050,P000038,view,2024-02-25T07:47:27.883204
E00000188,U004735,P000715,view,2024-07-17T11:47:40.918417
E00000189,U005831,P001468,view,2024-02-29T14:58:22.624002
E00000190,U004439,P001582,view,2024-05-22T09:35:11.786572
E00000191,U004508,P001811,view,2024-05-03T03:32:02.175790
E00000192,U002120,P000675,view,2025-09-16T22:17:02.926390
E00000193,U007317,P000282,view,2025-05-08T07:33:54.304285
E00000194,U007562,P000160,view,2025-04-17T14:35:54.617162
E00000195,U005249,P001649,view,2024-03-07T16:05:02.600833
E00000196,U009981,P000705,view,2025-09-28T12:50:43.703917
E00000197,U002631,P000134,view,2024-05-23T16:12:51.568706
E00000198,U002535,P001026,view,2025-02-24T07:10:11.863341
E00000199,U007240,P000485,view,2024-08-03T20:13:56.060575
E00000200,U005328,P000037,wishlist,2025-03-13T12:08:13.463932
