user_id,name,email,gender,city,signup_date
U000001,Angel Hill,donaldgarcia@example.net,Other,New Roberttown,2025-03-13
U000002,Jesse Guzman,jennifermiles@example.com,Male,South Bridget,2024-03-05
U000003,Adam Shaffer,jpeterson@example.org,Male,Curtisfurt,2025-07-07
U000004,Melanie Munoz,blairamanda@example.com,Other,New Kellystad,2024-03-07
U000005,Janet Williams,kendragalloway@example.org,Female,South Joshuastad,2025-01-29
U000006,Michael Santiago,lynchgeorge@example.net,Male,East Steven,2024-04-21
U000007,Sara Watts,gabriellecameron@example.org,Male,Port Antonio,2024-07-03
U000008,Joseph Clark,jason76@example.net,Male,Thomasberg,2024-08-03
U000009,Anna Baker,zhurst@example.com,Other,East William,2024-06-17
U000010,Brandon Rodriguez,laurahenderson@example.org,Male,Jamesmouth,2024-03-03
U000011,Tasha Valencia,frazierdanny@example.net,Other,Kaylamouth,2024-12-27
U000012,Ryan Chavez,teresa28@example.org,Other,Meaganhaven,2024-03-17
U000013,Eric Farmer,georgetracy@example.org,Other,Natashaport,2025-02-20
U000014,John Bradley,millertodd@example.org,Male,East Donna,2024-06-12
U000015,Frederick Rose,ibrandt@example.net,Other,Lake Larry,2025-10-09
U000016,Debra Kim,omartinez@example.org,Female,Andrewside,2025-11-11
U000017,Jeffrey Jones,perezrebecca@example.com,Male,New Johnfort,2024-06-06
U000018,David Walls,esanchez@example.com,Male,North Collin,2024-05-26
U000019,Rodney Owens,nuneztracey@example.org,Male,South Jessicaville,2024-10-21
U000020,James West,dwhite@example.org,Male,South Lindseyside,2024-06-19
U000021,Denise Fernandez,novaksara@example.org,Male,South Todd,2024-03-07
U000022,Richard Brown,ysmith@example.com,Other,Mitchellside,2024-05-26
U000023,Tommy Lee,tanyariley@example.net,Other,Lake Leeton,2025-03-28
U000024,Wesley Farrell,brianromero@example.org,Male,New Carlosbury,2025-02-03
U000025,Shelly Hudson,harveyrobert@example.net,Other,Sarahborough,2024-10-03
U000026,Leon Baker,emilyevans@example.com,Male,North Stephenshire,2025-04-03
U000027,Charles Lewis,david51@example.org,Other,Justinmouth,2025-11-12
U000028,Jade Carr,contrerasangela@example.net,Other,East Josephville,2025-07-24
U000029,Eric Campbell,jenniferharris@example.net,Other,Williamview,2025-05-22
U000030,Meghan Davis,ccalderon@example.org,Other,Kellieview,2025-09-11
U000031,Scott Thornton,rodriguezsierra@example.net,Female,New Barry,2024-04-20
U000032,Angela Jordan,parkerrachel@example.org,Male,Jasonbury,2024-09-09
U000033,Michael Castro,vdickson@example.org,Female,Port Francisco,2025-04-01
U000034,Gregory Gutierrez,jillcook@example.com,Other,West Erik,2025-07-01
U000035,Patrick Williams,dwalker@example.com,Female,Loribury,2025-04-24
U000036,Donna Ross,michelle45@example.net,Male,Frazierside,2024-06-01
U000037,Anthony Wiley,gregory40@example.org,Male,Reedmouth,2024-08-14
U000038,Tracey Wilson,jonathanfletcher@example.org,Other,West Ryan,2024-10-25
U000039,Samantha Hanson,cortezkevin@example.com,Female,Nguyenport,2025-10-11
U000040,James Ortega,lbyrd@example.net,Female,Richardtown,2025-01-14
U000041,Jason Floyd,steven73@example.net,Female,Leonburgh,2024-07-26
U000042,Justin Beck,clarence34@example.org,Male,East Andrew,2025-03-26
U000043,Thomas Atkinson,gibsonolivia@example.net,Male,Lake Heather,2024-06-16
U000044,John Douglas,staffordmichelle@example.org,Female,Robinsonhaven,2024-12-04
U000045,Angela Lowery,bryantlaurie@example.net,Male,Stephaniemouth,2024-11-13
U000046,Jennifer Wagner,vmerritt@example.com,Male,Greenbury,2025-02-23
U000047,Joshua Strickland,rsims@example.com,Female,Lake Justinview,2025-07-28
U000048,Patricia Miller,jessebenson@example.net,Male,North Robert,2024-08-17
U000049,Steven Brown,xprice@example.net,Female,Port Nicoleshire,2024-08-14
U000050,Adam Bell,acastaneda@example.net,Female,South Jeffrey,2024-09-17
U000051,Anthony Rogers,dramsey@example.org,Other,South Brittanytown,2024-10-25
U000052,Roy Camacho,brentgray@example.org,Female,Murphyfurt,2024-02-27
U000053,Stephanie Fisher,ruizkaitlyn@example.org,Male,Jeffreyland,2024-07-09
U000054,Denise Webster,jamessmith@example.org,Other,East Thomas,2025-06-18
U000055,Stacie Marshall,katie29@example.net,Female,Port Loriport,2024-03-19
U000056,Anthony Collins,tsanders@example.org,Other,New Hannahbury,2024-03-14
U000057,Kendra Jefferson,hoganashlee@example.org,Male,Amandastad,2024-03-10
U000058,Deborah Smith,gshort@example.com,Female,Cynthiamouth,2024-02-17
U000059,Ryan Gross,christina87@example.com,Male,Petersenshire,2025-04-28
U000060,Melissa Rivas,ramirezshannon@example.com,Other,Rogersfort,2024-07-02
U000061,Hunter Lewis,matthew94@example.net,Female,New Stacyland,2025-08-05
U000062,Richard Peters,hannahbrewer@example.com,Other,Mcguireland,2024-06-14
U000063,Richard Sanchez,thomas85@example.com,Other,Michaelmouth,2024-07-20
U000064,John Martinez,leslienewton@example.net,Female,East Javier,2024-07-04
U000065,Jenny Bray,tina34@example.org,Other,Harrytown,2024-11-27
U000066,David Williams,tranheidi@example.org,Male,Garciatown,2025-04-29
U000067,Taylor Alexander,tammyking@example.com,Other,Port Cameronfort,2025-01-27
U000068,Crystal Brown,lisaavery@example.org,Male,North Angela,2024-02-20
U000069,Caitlin Montgomery,chayes@example.com,Male,Torreston,2024-10-11
U000070,Jody Meza,colleenbaker@example.org,Other,East Glenn,2025-02-20
U000071,Aaron Hayes,ocarter@example.com,Male,Jacquelinemouth,2024-02-21
U000072,Jesus Baker,ronaldstephens@example.net,Female,West Margaret,2024-02-18
U000073,Gabriel Parker,scott74@example.net,Male,Benderhaven,2024-02-18
U000074,Samuel George,mnavarro@example.com,Male,North Jeremyshire,2025-01-04
U000075,Andrew Hubbard,barbara27@example.net,Male,Moonburgh,2025-02-05
U000076,Ryan Olsen,harrisonricky@example.com,Female,Port Eugenechester,2025-11-12
U000077,Keith Landry,gibsonleonard@example.com,Female,Port Richardhaven,2025-04-19
U000078,Aaron Booth,mgutierrez@example.net,Female,Cindyfort,2025-07-18
U000079,Kathleen Harris,sarakim@example.net,Other,Martinezbury,2025-03-03
U000080,Lance Smith,hdavis@example.com,Female,Lake Marilynfort,2025-04-30
U000081,Kelly Thornton,edavenport@example.org,Male,Arnoldfurt,2025-09-29
U000082,Carol Francis,michellehill@example.com,Female,Sarahhaven,2024-05-10
U000083,Aaron Barber,cgrimes@example.net,Female,Reedside,2024-07-01
U000084,Nicholas Cantu,tinaallen@example.com,Male,Port Kimberly,2025-06-05
U000085,Julie Thornton,qhughes@example.net,Other,South Tammie,2024-01-30
U000086,Tammy Rivera,sawyerscott@example.net,Female,Smithberg,2024-03-27
U000087,Diana Moore,qharrington@example.com,Other,Santosmouth,2024-10-07
U000088,Michele James,courtney78@example.org,Other,East Crystalport,2025-08-06
U000089,Julie Hamilton,hodgesjane@example.org,Other,Jacksonport,2025-11-13
U000090,Brandon Flynn,michael62@example.org,Male,Knightburgh,2025-09-09
U000091,Christian Pitts,tyleraguilar@example.org,Other,Littlemouth,2024-04-26
U000092,Albert Ballard,erica21@example.com,Other,Vanessaport,2024-06-23
U000093,Roger Wright,james67@example.org,Male,South Ashley,2025-03-13
U000094,Victoria Phillips,khill@example.net,Other,New Julieport,2025-01-28
U000095,Jerry Pham,danaoliver@example.net,Other,Lake Colton,2025-06-14
U000096,Benjamin Kramer,rileyjessica@example.org,Male,Markchester,2025-03-05
U000097,David Ryan,alyssa42@example.com,Male,Coffeyport,2024-04-30
U000098,Matthew Wilson,taylortammy@example.net,Female,Coffeyside,2025-05-25
U000099,Krystal Smith,gibsonemily@example.net,Female,Brendastad,2024-09-07
U000100,Jesus Johnson,rose31@example.net,Female,Blankenshipport,2024-03-15
U000101,Darryl Williams,torrestravis@example.org,Other,New Derek,2025-03-20
U000102,Ellen Paul,umatthews@example.org,Other,Penafort,2024-11-06
U000103,Sheila Ramirez,jeff73@example.com,Other,Lake Michaelstad,2025-02-25
U000104,Joshua Donaldson,ndavis@example.net,Male,North Kristinbury,2024-02-11
U000105,Kristin Harris,brendali@example.org,Other,Kimtown,2025-11-07
U000106,Tracey Huerta,lauren10@example.org,Female,West Kristybury,2024-07-08
U000107,Alfred Baker,judyfox@example.net,Male,South Shanestad,2025-02-06
U000108,Daniel Gordon,acostaregina@example.net,Male,Stephentown,2024-12-17
U000109,Timothy Morales,henryrenee@example.org,Male,West Charleneland,2024-02-11
U000110,Claudia Richards,oscar98@example.com,Female,Wagnerchester,2024-03-27
U000111,Jacqueline Farrell,russellbeasley@example.com,Female,Mariafurt,2024-03-08
U000112,Cody Simmons,nicholas27@example.org,Female,Port Christopherchester,2024-10-11
U000113,Joanne Cain,willisanna@example.com,Male,South Michaelchester,2024-03-07
U000114,Jennifer Schmitt,michael98@example.org,Male,Lake Timothy,2025-08-16
U000115,Michael Hawkins,farmeraudrey@example.com,Other,New Sarahview,2025-08-02
U000116,Joshua Farmer,michael22@example.net,Other,Jonestown,2024-01-20
U000117,Alyssa Bennett,xpeterson@example.com,Female,Kimberlyshire,2024-03-03
U000118,Nicole Moore,craigjoseph@example.net,Male,Tuckermouth,2025-02-11
U000119,Jason Hunt,russell49@example.com,Other,Brandonfurt,2024-10-10
U000120,Brian Harris,katrinaduran@example.com,Female,Davidfort,2025-11-04
U000121,Gregory James,vincentwhitaker@example.com,Female,South Michelleton,2025-05-25
U000122,Steve Miller,barbara96@example.net,Other,Robertsfurt,2024-10-25
U000123,Mark Solis,xcollier@example.org,Female,Richardbury,2024-01-15
U000124,Richard Miller,julie35@example.org,Male,New Cynthiahaven,2024-10-25
U000125,Rebecca Bailey,joelthomas@example.org,Female,New Eric,2024-12-14
U000126,Charles Bean,kmarshall@example.net,Male,Maldonadoshire,2025-06-03
U000127,Valerie Morris,edward17@example.com,Male,Laurashire,2025-03-15
U000128,William Collins,xjohnson@example.com,Other,Lake Michelleland,2024-02-08
U000129,William Ford,colelisa@example.net,Other,West Cassidy,2025-02-24
U000130,Susan Hayes,toni18@example.net,Other,North John,2024-12-08
U000131,Scott Mills,michaelhardin@example.com,Female,Schroederton,2024-10-26
U000132,Deborah Jones,grantpaul@example.com,Other,West Christopher,2025-06-23
U000133,Sabrina Collins,tanderson@example.org,Other,Angelicamouth,2025-03-29
U000134,Elizabeth Calderon,lucasrodney@example.com,Female,West Kyleborough,2025-07-10
U000135,Katie Lee,ericphillips@example.org,Other,Lake Matthewberg,2024-08-21
U000136,Eric White,jenniferwilliams@example.com,Female,South Cheryl,2025-02-12
U000137,Kristen Young,kylestokes@example.com,Female,West Erika,2025-05-29
U000138,Scott Hammond,ashaw@example.org,Male,Port Cassandra,2025-01-25
U000139,Brett Castillo,angela18@example.org,Male,Christopherburgh,2025-08-20
U000140,Rebecca Hernandez,odavis@example.com,Other,Sarahchester,2024-07-05
U000141,Wayne Young,brooksanthony@example.org,Female,Laceyberg,2024-02-06
U000142,Samantha Kennedy,katherineharrison@example.net,Male,North Andrewborough,2024-01-27
U000143,Ana Acosta,srodriguez@example.org,Male,Davidbury,2025-07-25
U000144,Laura Bryant,copelandvincent@example.net,Male,Lake Zacharybury,2024-10-14
U000145,Kelly Smith,john62@example.net,Male,New Theresaland,2025-05-06
U000146,Amy Hartman,myerstheodore@example.net,Other,Zavalaview,2025-10-14
U000147,Michael Jones,jessicafuller@example.net,Male,Dennisstad,2025-05-26
U000148,Lisa Thompson,epollard@example.net,Other,Port Dennis,2025-01-08
U000149,Sherry Johnson,bradleygonzalez@example.org,Female,Sarahhaven,2025-05-04
U000150,Lisa Kennedy,mullinsjames@example.com,Other,Port Dianaview,2024-09-29
U000151,Micheal Preston,ykline@example.com,Male,South Heather,2024-03-26
U000152,Laura Adams,acostachristian@example.net,Female,New Kelly,2024-09-08
U000153,Mark Phillips,bmorrison@example.org,Female,Bellton,2024-03-11
U000154,Rhonda Mendez,yhill@example.org,Other,Lake Danastad,2025-05-12
U000155,Kara Moore,thomascathy@example.com,Female,East Carlosstad,2024-12-16
U000156,Stacy Johnson,erikarush@example.com,Other,Hinesshire,2024-09-04
U000157,Michael Edwards,john10@example.net,Female,South April,2024-04-04
U000158,David Hampton,nlewis@example.com,Other,Gonzalezberg,2025-09-16
U000159,Shannon Roach,zosborn@example.net,Male,Elizabethland,2025-08-06
U000160,Kelly Evans,jenniferho@example.net,Other,Port Michael,2025-01-11
U000161,Tracie Conner,kristyjohnson@example.net,Other,Tannerside,2024-06-02
U000162,Nicole Jones,ukey@example.com,Male,Hammondshire,2024-03-29
U000163,Teresa Day,howens@example.com,Other,Port Kimberly,2024-02-20
U000164,Hunter Burch,dshaw@example.org,Other,West Fred,2025-03-13
U000165,Jenna Reed,meghan43@example.net,Female,Davidport,2024-08-08
U000166,Clarence Davidson,georgeweber@example.net,Other,Meganshire,2025-02-24
U000167,Michelle Miller,debra96@example.net,Female,South Pamelaside,2024-01-29
U000168,Sue Webb,eevans@example.net,Male,East Scottfort,2024-07-17
U000169,Matthew Thomas,jessica56@example.org,Female,Zacharyville,2024-11-13
U000170,Steven Adams,donaldwilliams@example.com,Female,Wrightburgh,2024-08-06
U000171,Sarah Griffith,kathrynjimenez@example.net,Male,Jimenezport,2025-07-10
U000172,Christopher Long,nlevy@example.net,Female,Brandonport,2024-12-06
U000173,Nicole Pena,amitchell@example.org,Male,Andersonview,2024-12-04
U000174,Kathryn Diaz,jwilliams@example.org,Other,Angelaland,2025-05-12
U000175,Shannon Pierce,andersoncolin@example.com,Other,Angelastad,2024-09-21
U000176,James Hicks,williamsderrick@example.com,Female,Stoneberg,2025-05-31
U000177,Zachary Murphy,francisco94@example.net,Other,Williamhaven,2025-02-18
U000178,Jeanne Evans,richardsonemily@example.com,Male,Lauratown,2024-12-30
U000179,Joseph Rios,jennifersilva@example.org,Other,Hernandezbury,2025-02-12
U000180,Stacy Rodriguez,alexanderrobert@example.com,Male,South Warren,2024-01-22
U000181,Thomas Charles,thorntonapril@example.net,Other,Whitneyfort,2025-02-22
U000182,Lee Thompson,amy49@example.com,Female,East Joshua,2024-12-25
U000183,Shelly Hendrix,janet75@example.com,Other,Annview,2024-07-23
U000184,Ashley Daniels,xcardenas@example.org,Other,Bobbyland,2024-07-15
U000185,Scott Scott,ilewis@example.com,Other,Derrickshire,2024-08-24
U000186,Brent Stein,danawilliams@example.com,Male,Jenniferville,2024-06-12
U000187,Derrick Oconnell,richarddonovan@example.com,Male,Santosport,2025-04-10
U000188,Debbie Velez,pearsonjesse@example.net,Female,East Robertburgh,2024-08-07
U000189,Benjamin Huff,vlopez@example.com,Male,North Kennethville,2025-09-30
U000190,Matthew Gibson,ismall@example.net,Other,Nelsonville,2025-09-27
U000191,Jessica Wong,alexisrogers@example.com,Other,East Cheryl,2024-08-14
U000192,Richard Patterson,christopher12@example.org,Male,Morrisbury,2025-03-12
U000193,Patrick Griffin,stephanie49@example.net,Other,West Desireebury,2024-01-05
U000194,David Parker,tparks@example.com,Female,Lake Sabrinaport,2024-02-12
U000195,Jeffrey Bernard,vhernandez@example.net,Female,Robertside,2024-09-08
U000196,Katherine Pham,kathleenbecker@example.net,Male,New Seanstad,2025-09-16
U000197,Anne Brown,ashleyhernandez@example.com,Male,Wilsonborough,2024-02-23
U000198,Tracy Nolan,dstokes@example.org,Female,Bryantton,2025-05-05
U000199,Emily Parker,fosterlisa@example.net,Female,New Charles,2025-01-17
U000200,Isabella Weaver,michaelcesar@example.com,Male,West Robertberg,2024-10-16
